"date","temperature","humidity","id"
"2023-12-26 09:35:23","12","12","1"
"2023-12-26 09:35:23","12","12","2"
"2023-12-26 09:35:23","20","71","3"
"2023-12-26 09:35:23","20","71","4"
"2023-12-26 09:35:23","20","71","5"
"2023-12-26 09:35:23","20","71","6"
"2023-12-26 09:35:23","20","71","7"
"2023-12-26 09:35:23","20","71","8"
"2023-12-26 09:35:23","20","71","9"
"2023-12-26 09:35:23","20","71","10"
"2023-12-26 09:35:23","20","71","11"
"2023-12-26 09:35:23","20","71","12"
"2023-12-26 09:35:23","20","71","13"
"2023-12-26 09:35:23","20","71","14"
"2023-12-26 09:35:23","20","71","15"
"2023-12-26 09:35:23","20","71","16"
"2023-12-26 09:35:23","20","71","17"
"2023-12-26 09:35:23","20","71","18"
"2023-12-26 09:35:23","20","71","19"
"2023-12-26 09:35:23","20","71","20"
"2023-12-26 09:35:23","20","71","21"
"2023-12-26 09:35:23","20","71","22"
"2023-12-26 09:35:23","20","71","23"
"2023-12-26 09:35:23","20","71","24"
"2023-12-26 09:35:23","20","71","25"
"2023-12-26 09:35:23","20","71","26"
"2023-12-26 09:35:23","20","71","27"
"2023-12-26 09:35:23","20","71","28"
"2023-12-26 09:35:23","20","71","29"
"2023-12-26 09:35:23","20","71","30"
"2023-12-26 09:35:23","20","71","31"
"2023-12-26 09:35:23","20","71","32"
"2023-12-26 09:35:23","20","71","33"
"2023-12-26 09:35:23","20","71","34"
"2023-12-26 09:35:23","20","71","35"
"2023-12-26 09:35:23","20","71","36"
"2023-12-26 09:35:23","20","71","37"
"2023-12-26 09:35:23","20","71","38"
"2023-12-26 09:35:23","20","71","39"
"2023-12-26 09:35:23","20","71","40"
"2023-12-26 09:35:23","20","71","41"
"2023-12-26 09:35:23","19","71","42"
"2023-12-26 09:35:23","19","71","43"
"2023-12-26 09:35:23","19","72","44"
"2023-12-26 09:35:23","19","73","45"
"2023-12-26 09:35:23","19","73","46"
"2023-12-26 09:35:23","19","73","47"
"2023-12-26 09:35:23","19","73","48"
"2023-12-26 09:35:23","19","73","49"
"2023-12-26 09:35:23","19","73","50"
"2023-12-26 09:35:23","19","74","51"
"2023-12-26 09:35:23","19","73","52"
"2023-12-26 09:35:23","19","73","53"
"2023-12-26 09:35:23","19","73","54"
"2023-12-26 09:35:23","19","73","55"
"2023-12-26 09:35:23","19","73","56"
"2023-12-26 09:35:23","19","73","57"
"2023-12-26 09:35:23","19","73","58"
"2023-12-26 09:35:23","19","73","59"
"2023-12-26 09:35:23","19","73","60"
"2023-12-26 09:35:23","19","74","61"
"2023-12-26 09:35:23","19","73","62"
"2023-12-26 09:35:23","19","73","63"
"2023-12-26 09:35:23","19","74","64"
"2023-12-26 09:35:23","19","74","65"
"2023-12-26 09:35:23","19","74","66"
"2023-12-26 09:35:23","19","74","67"
"2023-12-26 09:35:23","19","74","68"
"2023-12-26 09:35:23","19","74","69"
"2023-12-26 09:35:23","19","74","70"
"2023-12-26 09:35:23","19","74","71"
"2023-12-26 09:35:23","19","73","72"
"2023-12-26 09:35:23","19","73","73"
"2023-12-26 09:35:23","19","73","74"
"2023-12-26 09:35:23","19","73","75"
"2023-12-26 09:35:23","19","73","76"
"2023-12-26 09:35:23","19","73","77"
"2023-12-26 09:35:23","19","73","78"
"2023-12-26 09:35:23","19","73","79"
"2023-12-26 09:35:23","19","73","80"
"2023-12-26 09:35:23","19","73","81"
"2023-12-26 09:35:23","19","73","82"
"2023-12-26 09:35:23","19","73","83"
"2023-12-26 09:35:23","19","73","84"
"2023-12-26 09:35:23","19","73","85"
"2023-12-26 09:35:23","19","73","86"
"2023-12-26 09:35:23","19","73","87"
"2023-12-26 09:35:23","19","73","88"
"2023-12-26 09:35:23","19","73","89"
"2023-12-26 09:35:23","19","73","90"
"2023-12-26 09:35:23","19","73","91"
"2023-12-26 09:35:23","19","73","92"
"2023-12-26 09:35:23","19","73","93"
"2023-12-26 09:35:23","19","73","94"
"2023-12-26 09:35:23","19","73","95"
"2023-12-26 09:35:23","19","73","96"
"2023-12-26 09:35:23","19","73","97"
"2023-12-26 09:35:23","19","73","98"
"2023-12-26 09:35:23","19","73","99"
"2023-12-26 09:35:23","19","73","100"
"2023-12-26 09:35:23","19","73","101"
"2023-12-26 09:35:23","19","73","102"
"2023-12-26 09:35:23","19","73","103"
"2023-12-26 09:35:23","19","73","104"
"2023-12-26 09:35:23","19","73","105"
"2023-12-26 09:35:23","19","73","106"
"2023-12-26 09:35:23","19","73","107"
"2023-12-26 09:35:23","19","73","108"
"2023-12-26 09:35:23","19","73","109"
"2023-12-26 09:35:23","19","73","110"
"2023-12-26 09:35:23","19","73","111"
"2023-12-26 09:35:23","19","73","112"
"2023-12-26 09:35:23","19","73","113"
"2023-12-26 09:35:23","19","73","114"
"2023-12-26 09:35:23","19","73","115"
"2023-12-26 09:35:23","19","73","116"
"2023-12-26 09:35:23","19","74","117"
"2023-12-26 09:35:23","19","74","118"
"2023-12-26 09:35:23","19","74","119"
"2023-12-26 09:35:23","19","74","120"
"2023-12-26 09:35:23","19","74","121"
"2023-12-26 09:35:23","19","74","122"
"2023-12-26 09:35:23","19","73","123"
"2023-12-26 09:35:23","19","73","124"
"2023-12-26 09:35:23","19","73","125"
"2023-12-26 09:35:23","19","73","126"
"2023-12-26 09:35:23","19","73","127"
"2023-12-26 09:35:23","19","73","128"
"2023-12-26 09:35:23","19","73","129"
"2023-12-26 09:35:23","19","73","130"
"2023-12-26 09:35:23","19","74","131"
"2023-12-26 09:35:23","19","74","132"
"2023-12-26 09:35:23","19","73","133"
"2023-12-26 09:35:23","19","74","134"
"2023-12-26 09:35:23","19","74","135"
"2023-12-26 09:35:23","19","74","136"
"2023-12-26 09:35:23","19","74","137"
"2023-12-26 09:35:23","19","74","138"
"2023-12-26 09:35:23","19","74","139"
"2023-12-26 09:35:23","19","74","140"
"2023-12-26 09:35:23","19","74","141"
"2023-12-26 09:35:23","19","74","142"
"2023-12-26 09:35:23","19","74","143"
"2023-12-26 09:35:23","19","74","144"
"2023-12-26 09:35:23","19","74","145"
"2023-12-26 09:35:23","19","74","146"
"2023-12-26 09:35:23","19","74","147"
"2023-12-26 09:35:23","19","74","148"
"2023-12-26 09:35:23","19","74","149"
"2023-12-26 09:35:23","19","74","150"
"2023-12-26 09:35:23","19","74","151"
"2023-12-26 09:35:23","19","73","152"
"2023-12-26 09:35:23","19","73","153"
"2023-12-26 09:35:23","19","73","154"
"2023-12-26 09:35:23","19","73","155"
"2023-12-26 09:35:23","19","73","156"
"2023-12-26 09:35:23","19","73","157"
"2023-12-26 09:35:23","19","73","158"
"2023-12-26 09:35:23","19","73","159"
"2023-12-26 09:35:23","19","73","160"
"2023-12-26 09:35:23","19","73","161"
"2023-12-26 09:35:23","19","73","162"
"2023-12-26 09:35:23","19","73","163"
"2023-12-26 09:35:23","19","73","164"
"2023-12-26 09:35:23","19","73","165"
"2023-12-26 09:35:23","19","73","166"
"2023-12-26 09:35:23","19","73","167"
"2023-12-26 09:35:23","19","73","168"
"2023-12-26 09:35:23","19","73","169"
"2023-12-26 09:35:23","19","73","170"
"2023-12-26 09:35:23","19","73","171"
"2023-12-26 09:35:23","19","73","172"
"2023-12-26 09:35:23","19","73","173"
"2023-12-26 09:35:23","19","74","174"
"2023-12-26 09:35:23","19","74","175"
"2023-12-26 09:35:23","19","74","176"
"2023-12-26 09:35:23","19","74","177"
"2023-12-26 09:35:23","19","74","178"
"2023-12-26 09:35:23","19","74","179"
"2023-12-26 09:35:23","19","74","180"
"2023-12-26 09:35:23","19","74","181"
"2023-12-26 09:35:23","19","74","182"
"2023-12-26 09:35:23","19","74","183"
"2023-12-26 09:35:23","19","74","184"
"2023-12-26 09:35:23","19","74","185"
"2023-12-26 09:35:23","19","74","186"
"2023-12-26 09:35:23","19","74","187"
"2023-12-26 09:35:23","19","74","188"
"2023-12-26 09:35:23","19","74","189"
"2023-12-26 09:35:23","19","74","190"
"2023-12-26 09:35:23","19","74","191"
"2023-12-26 09:35:23","19","74","192"
"2023-12-26 09:35:23","19","74","193"
"2023-12-26 09:35:23","19","74","194"
"2023-12-26 09:35:23","19","74","195"
"2023-12-26 09:35:23","19","74","196"
"2023-12-26 09:35:23","19","74","197"
"2023-12-26 09:35:23","19","74","198"
"2023-12-26 09:35:23","19","74","199"
"2023-12-26 09:35:23","19","74","200"
"2023-12-26 09:35:23","19","74","201"
"2023-12-26 09:35:23","19","74","202"
"2023-12-26 09:35:23","19","74","203"
"2023-12-26 09:35:23","19","74","204"
"2023-12-26 09:35:23","19","74","205"
"2023-12-26 09:35:23","19","74","206"
"2023-12-26 09:35:23","19","74","207"
"2023-12-26 09:35:23","19","74","208"
"2023-12-26 09:35:23","19","74","209"
"2023-12-26 09:35:23","19","74","210"
"2023-12-26 09:35:23","19","74","211"
"2023-12-26 09:35:23","19","74","212"
"2023-12-26 09:35:23","19","74","213"
"2023-12-26 09:35:23","19","74","214"
"2023-12-26 09:35:23","19","74","215"
"2023-12-26 09:35:23","19","74","216"
"2023-12-26 09:35:23","19","74","217"
"2023-12-26 09:35:23","19","74","218"
"2023-12-26 09:35:23","19","74","219"
"2023-12-26 09:35:23","19","74","220"
"2023-12-26 09:35:23","19","74","221"
"2023-12-26 09:35:23","19","74","222"
"2023-12-26 09:35:23","19","74","223"
"2023-12-26 09:35:23","19","74","224"
"2023-12-26 09:35:23","19","74","225"
"2023-12-26 09:35:23","19","74","226"
"2023-12-26 09:35:23","19","74","227"
"2023-12-26 09:35:23","19","74","228"
"2023-12-26 09:35:23","19","74","229"
"2023-12-26 09:35:23","19","74","230"
"2023-12-26 09:35:23","19","74","231"
"2023-12-26 09:35:23","19","74","232"
"2023-12-26 09:35:23","19","74","233"
"2023-12-26 09:35:23","19","74","234"
"2023-12-26 09:35:23","19","74","235"
"2023-12-26 09:35:23","19","74","236"
"2023-12-26 09:35:23","19","74","237"
"2023-12-26 09:35:23","19","74","238"
"2023-12-26 09:35:23","19","74","239"
"2023-12-26 09:35:23","19","74","240"
"2023-12-26 09:35:23","19","74","241"
"2023-12-26 09:35:23","19","74","242"
"2023-12-26 09:35:23","19","74","243"
"2023-12-26 09:35:23","19","74","244"
"2023-12-26 09:35:23","19","74","245"
"2023-12-26 09:35:23","19","74","246"
"2023-12-26 09:35:23","19","74","247"
"2023-12-26 09:35:23","19","74","248"
"2023-12-26 09:35:23","19","74","249"
"2023-12-26 09:35:23","19","74","250"
"2023-12-26 09:35:23","19","74","251"
"2023-12-26 09:35:23","19","74","252"
"2023-12-26 09:35:23","19","74","253"
"2023-12-26 09:35:23","19","74","254"
"2023-12-26 09:35:23","19","74","255"
"2023-12-26 09:35:23","19","74","256"
"2023-12-26 09:35:23","19","74","257"
"2023-12-26 09:35:23","19","74","258"
"2023-12-26 09:35:23","19","74","259"
"2023-12-26 09:35:23","19","74","260"
"2023-12-26 09:35:23","19","74","261"
"2023-12-26 09:35:23","19","74","262"
"2023-12-26 09:35:23","19","74","263"
"2023-12-26 09:35:23","19","74","264"
"2023-12-26 09:35:23","19","74","265"
"2023-12-26 09:35:23","19","74","266"
"2023-12-26 09:35:23","19","74","267"
"2023-12-26 09:35:23","19","74","268"
"2023-12-26 09:35:23","19","74","269"
"2023-12-26 09:35:23","19","74","270"
"2023-12-26 09:35:23","19","74","271"
"2023-12-26 09:35:23","19","74","272"
"2023-12-26 09:35:23","19","74","273"
"2023-12-26 09:35:23","19","74","274"
"2023-12-26 09:35:23","19","74","275"
"2023-12-26 09:35:23","19","74","276"
"2023-12-26 09:35:23","19","74","277"
"2023-12-26 09:35:23","19","74","278"
"2023-12-26 09:35:23","19","74","279"
"2023-12-26 09:35:23","19","74","280"
"2023-12-26 09:35:23","19","74","281"
"2023-12-26 09:35:23","19","74","282"
"2023-12-26 09:35:23","19","74","283"
"2023-12-26 09:35:23","19","74","284"
"2023-12-26 09:35:23","19","74","285"
"2023-12-26 09:35:23","19","74","286"
"2023-12-26 09:35:23","19","74","287"
"2023-12-26 09:35:23","19","74","288"
"2023-12-26 09:35:23","19","74","289"
"2023-12-26 09:35:23","19","74","290"
"2023-12-26 09:35:23","19","74","291"
"2023-12-26 09:35:23","19","74","292"
"2023-12-26 09:35:23","19","74","293"
"2023-12-26 09:35:23","19","74","294"
"2023-12-26 09:35:23","19","74","295"
"2023-12-26 09:35:23","19","74","296"
"2023-12-26 09:35:23","19","74","297"
"2023-12-26 09:35:23","19","74","298"
"2023-12-26 09:35:23","19","74","299"
"2023-12-26 09:35:23","19","74","300"
"2023-12-26 09:35:23","19","74","301"
"2023-12-26 09:35:23","19","74","302"
"2023-12-26 09:35:23","19","74","303"
"2023-12-26 09:35:23","19","74","304"
"2023-12-26 09:35:23","19","74","305"
"2023-12-26 09:35:23","19","74","306"
"2023-12-26 09:35:23","19","74","307"
"2023-12-26 09:35:23","19","74","308"
"2023-12-26 09:35:23","19","74","309"
"2023-12-26 09:35:23","19","74","310"
"2023-12-26 09:35:23","19","74","311"
"2023-12-26 09:35:23","19","74","312"
"2023-12-26 09:35:23","19","74","313"
"2023-12-26 09:35:23","19","74","314"
"2023-12-26 09:35:23","19","74","315"
"2023-12-26 09:35:23","19","74","316"
"2023-12-26 09:35:23","19","74","317"
"2023-12-26 09:35:23","19","74","318"
"2023-12-26 09:35:23","19","74","319"
"2023-12-26 09:35:23","19","74","320"
"2023-12-26 09:35:23","19","74","321"
"2023-12-26 09:35:23","19","74","322"
"2023-12-26 09:35:23","19","74","323"
"2023-12-26 09:35:23","19","74","324"
"2023-12-26 09:35:23","19","74","325"
"2023-12-26 09:35:23","19","74","326"
"2023-12-26 09:35:23","19","74","327"
"2023-12-26 09:35:23","19","74","328"
"2023-12-26 09:35:23","19","74","329"
"2023-12-26 09:35:23","19","74","330"
"2023-12-26 09:35:23","19","74","331"
"2023-12-26 09:35:23","19","74","332"
"2023-12-26 09:35:23","19","74","333"
"2023-12-26 09:35:23","19","74","334"
"2023-12-26 09:35:23","19","74","335"
"2023-12-26 09:35:23","19","74","336"
"2023-12-26 09:35:23","19","74","337"
"2023-12-26 09:35:23","19","74","338"
"2023-12-26 09:35:23","19","74","339"
"2023-12-26 09:35:23","18","74","340"
"2023-12-26 09:35:23","19","74","341"
"2023-12-26 09:35:23","18","74","342"
"2023-12-26 09:35:23","18","74","343"
"2023-12-26 09:35:23","18","74","344"
"2023-12-26 09:35:23","19","74","345"
"2023-12-26 09:35:23","18","74","346"
"2023-12-26 09:35:23","19","74","347"
"2023-12-26 09:35:23","19","74","348"
"2023-12-26 09:35:23","18","74","349"
"2023-12-26 09:35:23","19","74","350"
"2023-12-26 09:35:23","19","74","351"
"2023-12-26 09:35:23","19","74","352"
"2023-12-26 09:35:23","19","74","353"
"2023-12-26 09:35:23","19","74","354"
"2023-12-26 09:35:23","18","74","355"
"2023-12-26 09:35:23","19","74","356"
"2023-12-26 09:35:23","18","74","357"
"2023-12-26 09:35:23","19","74","358"
"2023-12-26 09:35:23","18","74","359"
"2023-12-26 09:35:23","19","74","360"
"2023-12-26 09:35:23","19","74","361"
"2023-12-26 09:35:23","18","74","362"
"2023-12-26 09:35:23","18","74","363"
"2023-12-26 09:35:23","18","74","364"
"2023-12-26 09:35:23","18","74","365"
"2023-12-26 09:35:23","18","74","366"
"2023-12-26 09:35:23","18","74","367"
"2023-12-26 09:35:23","18","74","368"
"2023-12-26 09:35:23","18","74","369"
"2023-12-26 09:35:23","18","74","370"
"2023-12-26 09:35:23","18","74","371"
"2023-12-26 09:35:23","18","74","372"
"2023-12-26 09:35:23","18","74","373"
"2023-12-26 09:35:23","18","74","374"
"2023-12-26 09:35:23","18","74","375"
"2023-12-26 09:35:23","18","74","376"
"2023-12-26 09:35:23","18","74","377"
"2023-12-26 09:35:23","18","74","378"
"2023-12-26 09:35:23","18","74","379"
"2023-12-26 09:35:23","18","74","380"
"2023-12-26 09:35:23","18","74","381"
"2023-12-26 09:35:23","18","74","382"
"2023-12-26 09:35:23","18","74","383"
"2023-12-26 09:35:23","18","74","384"
"2023-12-26 09:35:23","18","74","385"
"2023-12-26 09:35:23","18","74","386"
"2023-12-26 09:35:23","18","74","387"
"2023-12-26 09:35:23","18","74","388"
"2023-12-26 09:35:23","18","74","389"
"2023-12-26 09:35:23","18","74","390"
"2023-12-26 09:35:23","18","74","391"
"2023-12-26 09:35:23","18","74","392"
"2023-12-26 09:35:23","18","74","393"
"2023-12-26 09:35:23","18","74","394"
"2023-12-26 09:35:23","18","74","395"
"2023-12-26 09:35:23","18","74","396"
"2023-12-26 09:35:23","18","74","397"
"2023-12-26 09:35:23","18","74","398"
"2023-12-26 09:35:23","18","74","399"
"2023-12-26 09:35:23","18","74","400"
"2023-12-26 09:35:23","18","74","401"
"2023-12-26 09:35:23","18","74","402"
"2023-12-26 09:35:23","18","74","403"
"2023-12-26 09:35:23","18","74","404"
"2023-12-26 09:35:23","18","74","405"
"2023-12-26 09:35:23","18","74","406"
"2023-12-26 09:35:23","18","74","407"
"2023-12-26 09:35:23","18","74","408"
"2023-12-26 09:35:23","18","74","409"
"2023-12-26 09:35:23","18","74","410"
"2023-12-26 09:35:23","18","74","411"
"2023-12-26 09:35:23","18","74","412"
"2023-12-26 09:35:23","18","74","413"
"2023-12-26 09:35:23","18","74","414"
"2023-12-26 09:35:23","18","74","415"
"2023-12-26 09:35:23","18","74","416"
"2023-12-26 09:35:23","18","74","417"
"2023-12-26 09:35:23","18","74","418"
"2023-12-26 09:35:23","18","74","419"
"2023-12-26 09:35:23","18","74","420"
"2023-12-26 09:35:23","18","74","421"
"2023-12-26 09:35:23","18","74","422"
"2023-12-26 09:35:23","18","74","423"
"2023-12-26 09:35:23","18","74","424"
"2023-12-26 09:35:23","18","74","425"
"2023-12-26 09:35:23","18","74","426"
"2023-12-26 09:35:23","18","74","427"
"2023-12-26 09:35:23","18","74","428"
"2023-12-26 09:35:23","18","74","429"
"2023-12-26 09:35:23","18","74","430"
"2023-12-26 09:35:23","18","74","431"
"2023-12-26 09:35:23","18","74","432"
"2023-12-26 09:35:23","18","74","433"
"2023-12-26 09:35:23","18","74","434"
"2023-12-26 09:35:23","18","74","435"
"2023-12-26 09:35:23","18","74","436"
"2023-12-26 09:35:23","18","74","437"
"2023-12-26 09:35:23","18","74","438"
"2023-12-26 09:35:23","18","74","439"
"2023-12-26 09:35:23","18","74","440"
"2023-12-26 09:35:23","18","74","441"
"2023-12-26 09:35:23","18","74","442"
"2023-12-26 09:35:23","18","74","443"
"2023-12-26 09:35:23","18","74","444"
"2023-12-26 09:35:23","18","74","445"
"2023-12-26 09:35:23","18","74","446"
"2023-12-26 09:35:23","18","74","447"
"2023-12-26 09:35:23","18","74","448"
"2023-12-26 09:35:23","18","74","449"
"2023-12-26 09:35:23","18","74","450"
"2023-12-26 09:35:23","18","74","451"
"2023-12-26 09:35:23","18","74","452"
"2023-12-26 09:35:23","18","74","453"
"2023-12-26 09:35:23","18","74","454"
"2023-12-26 09:35:23","18","74","455"
"2023-12-26 09:35:23","18","74","456"
"2023-12-26 09:35:23","18","74","457"
"2023-12-26 09:35:23","18","74","458"
"2023-12-26 09:35:23","18","74","459"
"2023-12-26 09:35:23","18","74","460"
"2023-12-26 09:35:23","18","74","461"
"2023-12-26 09:35:23","18","74","462"
"2023-12-26 09:35:23","18","74","463"
"2023-12-26 09:35:23","18","74","464"
"2023-12-26 09:35:23","18","74","465"
"2023-12-26 09:35:23","18","74","466"
"2023-12-26 09:35:23","18","74","467"
"2023-12-26 09:35:23","18","74","468"
"2023-12-26 09:35:23","18","74","469"
"2023-12-26 09:35:23","18","74","470"
"2023-12-26 09:35:23","18","74","471"
"2023-12-26 09:35:23","18","74","472"
"2023-12-26 09:35:23","18","74","473"
"2023-12-26 09:35:23","18","74","474"
"2023-12-26 09:35:23","18","74","475"
"2023-12-26 09:35:23","18","74","476"
"2023-12-26 09:35:23","18","74","477"
"2023-12-26 09:35:23","18","74","478"
"2023-12-26 09:35:23","18","74","479"
"2023-12-26 09:35:23","18","74","480"
"2023-12-26 09:35:23","18","74","481"
"2023-12-26 09:35:23","18","74","482"
"2023-12-26 09:35:23","18","74","483"
"2023-12-26 09:35:23","18","74","484"
"2023-12-26 09:35:23","18","74","485"
"2023-12-26 09:35:23","18","74","486"
"2023-12-26 09:35:23","18","74","487"
"2023-12-26 09:35:23","18","74","488"
"2023-12-26 09:35:23","18","74","489"
"2023-12-26 09:35:23","18","74","490"
"2023-12-26 09:35:23","18","74","491"
"2023-12-26 09:35:23","18","74","492"
"2023-12-26 09:35:23","18","74","493"
"2023-12-26 09:35:23","18","74","494"
"2023-12-26 09:35:23","18","74","495"
"2023-12-26 09:35:23","18","74","496"
"2023-12-26 09:35:23","18","74","497"
"2023-12-26 09:35:23","18","74","498"
"2023-12-26 09:35:23","18","74","499"
"2023-12-26 09:35:23","18","74","500"
"2023-12-26 09:35:23","18","74","501"
"2023-12-26 09:35:23","18","74","502"
"2023-12-26 09:35:23","18","74","503"
"2023-12-26 09:35:23","18","74","504"
"2023-12-26 09:35:23","18","74","505"
"2023-12-26 09:35:23","18","74","506"
"2023-12-26 09:35:23","18","74","507"
"2023-12-26 09:35:23","18","74","508"
"2023-12-26 09:35:23","18","74","509"
"2023-12-26 09:35:23","18","74","510"
"2023-12-26 09:35:23","18","74","511"
"2023-12-26 09:35:23","18","74","512"
"2023-12-26 09:35:23","18","74","513"
"2023-12-26 09:35:23","18","74","514"
"2023-12-26 09:35:23","18","74","515"
"2023-12-26 09:35:23","18","74","516"
"2023-12-26 09:35:23","18","74","517"
"2023-12-26 09:35:23","18","74","518"
"2023-12-26 09:35:23","18","74","519"
"2023-12-26 09:35:23","18","74","520"
"2023-12-26 09:35:23","18","74","521"
"2023-12-26 09:35:23","18","74","522"
"2023-12-26 09:35:23","18","74","523"
"2023-12-26 09:35:23","18","74","524"
"2023-12-26 09:35:23","18","74","525"
"2023-12-26 09:35:23","18","74","526"
"2023-12-26 09:35:23","18","74","527"
"2023-12-26 09:35:23","18","74","528"
"2023-12-26 09:35:23","18","74","529"
"2023-12-26 09:35:23","18","74","530"
"2023-12-26 09:35:23","18","74","531"
"2023-12-26 09:35:23","18","74","532"
"2023-12-26 09:35:23","18","75","533"
"2023-12-26 09:35:23","18","75","534"
"2023-12-26 09:35:23","18","75","535"
"2023-12-26 09:35:23","18","75","536"
"2023-12-26 09:35:23","18","75","537"
"2023-12-26 09:35:23","18","75","538"
"2023-12-26 09:35:23","18","75","539"
"2023-12-26 09:35:23","18","75","540"
"2023-12-26 09:35:23","18","75","541"
"2023-12-26 09:35:23","18","75","542"
"2023-12-26 09:35:23","18","75","543"
"2023-12-26 09:35:23","18","75","544"
"2023-12-26 09:35:23","18","75","545"
"2023-12-26 09:35:23","18","75","546"
"2023-12-26 09:35:23","18","75","547"
"2023-12-26 09:35:23","18","75","548"
"2023-12-26 09:35:23","18","75","549"
"2023-12-26 09:35:23","18","75","550"
"2023-12-26 09:35:23","18","75","551"
"2023-12-26 09:35:23","18","75","552"
"2023-12-26 09:35:23","18","75","553"
"2023-12-26 09:35:23","18","75","554"
"2023-12-26 09:35:23","18","75","555"
"2023-12-26 09:35:23","18","75","556"
"2023-12-26 09:35:23","18","75","557"
"2023-12-26 09:35:23","18","75","558"
"2023-12-26 09:35:23","18","75","559"
"2023-12-26 09:35:23","18","75","560"
"2023-12-26 09:35:23","18","75","561"
"2023-12-26 09:35:23","18","75","562"
"2023-12-26 09:35:23","18","75","563"
"2023-12-26 09:35:23","18","75","564"
"2023-12-26 09:35:23","18","75","565"
"2023-12-26 09:35:23","18","75","566"
"2023-12-26 09:35:23","18","75","567"
"2023-12-26 09:35:23","18","75","568"
"2023-12-26 09:35:23","18","75","569"
"2023-12-26 09:35:23","18","75","570"
"2023-12-26 09:35:23","18","75","571"
"2023-12-26 09:35:23","18","75","572"
"2023-12-26 09:35:23","18","75","573"
"2023-12-26 09:35:23","18","75","574"
"2023-12-26 09:35:23","18","75","575"
"2023-12-26 09:35:23","18","75","576"
"2023-12-26 09:35:23","18","75","577"
"2023-12-26 09:35:23","18","75","578"
"2023-12-26 09:35:23","18","75","579"
"2023-12-26 09:35:23","18","75","580"
"2023-12-26 09:35:23","18","75","581"
"2023-12-26 09:35:23","18","75","582"
"2023-12-26 09:35:23","18","75","583"
"2023-12-26 09:35:23","18","75","584"
"2023-12-26 09:35:23","18","75","585"
"2023-12-26 09:35:23","18","75","586"
"2023-12-26 09:35:23","18","75","587"
"2023-12-26 09:35:23","18","75","588"
"2023-12-26 09:35:23","18","75","589"
"2023-12-26 09:35:23","18","75","590"
"2023-12-26 09:35:23","18","75","591"
"2023-12-26 09:35:23","18","75","592"
"2023-12-26 09:35:23","18","75","593"
"2023-12-26 09:35:23","18","75","594"
"2023-12-26 09:35:23","18","75","595"
"2023-12-26 09:35:23","18","75","596"
"2023-12-26 09:35:23","18","75","597"
"2023-12-26 09:35:23","18","75","598"
"2023-12-26 09:35:23","18","75","599"
"2023-12-26 09:35:23","18","75","600"
"2023-12-26 09:35:23","18","75","601"
"2023-12-26 09:35:23","18","75","602"
"2023-12-26 09:35:23","18","75","603"
"2023-12-26 09:35:23","18","75","604"
"2023-12-26 09:35:23","18","75","605"
"2023-12-26 09:35:23","18","75","606"
"2023-12-26 09:35:23","18","75","607"
"2023-12-26 09:35:23","18","75","608"
"2023-12-26 09:35:23","18","75","609"
"2023-12-26 09:35:23","18","75","610"
"2023-12-26 09:35:23","18","75","611"
"2023-12-26 09:35:23","18","75","612"
"2023-12-26 09:35:23","18","75","613"
"2023-12-26 09:35:23","18","75","614"
"2023-12-26 09:35:23","18","75","615"
"2023-12-26 09:35:23","18","75","616"
"2023-12-26 09:35:23","18","75","617"
"2023-12-26 09:35:23","18","75","618"
"2023-12-26 09:35:23","18","75","619"
"2023-12-26 09:35:23","18","75","620"
"2023-12-26 09:35:23","18","75","621"
"2023-12-26 09:35:23","18","75","622"
"2023-12-26 09:35:23","18","75","623"
"2023-12-26 09:35:23","18","75","624"
"2023-12-26 09:35:23","18","75","625"
"2023-12-26 09:35:23","18","75","626"
"2023-12-26 09:35:23","18","75","627"
"2023-12-26 09:35:23","18","75","628"
"2023-12-26 09:35:23","18","75","629"
"2023-12-26 09:35:23","18","75","630"
"2023-12-26 09:35:23","18","75","631"
"2023-12-26 09:35:23","18","75","632"
"2023-12-26 09:35:23","18","75","633"
"2023-12-26 09:35:23","18","75","634"
"2023-12-26 09:35:23","18","75","635"
"2023-12-26 09:35:23","18","75","636"
"2023-12-26 09:35:23","18","75","637"
"2023-12-26 09:35:23","18","75","638"
"2023-12-26 09:35:23","18","75","639"
"2023-12-26 09:35:23","18","75","640"
"2023-12-26 09:35:23","18","75","641"
"2023-12-26 09:35:23","18","75","642"
"2023-12-26 09:35:23","18","75","643"
"2023-12-26 09:35:23","18","75","644"
"2023-12-26 09:35:23","18","75","645"
"2023-12-26 09:35:23","18","75","646"
"2023-12-26 09:35:23","18","75","647"
"2023-12-26 09:35:23","18","75","648"
"2023-12-26 09:35:23","18","75","649"
"2023-12-26 09:35:23","18","75","650"
"2023-12-26 09:35:23","18","75","651"
"2023-12-26 09:35:23","18","75","652"
"2023-12-26 09:35:23","18","75","653"
"2023-12-26 09:35:23","18","75","654"
"2023-12-26 09:35:23","18","75","655"
"2023-12-26 09:35:23","18","75","656"
"2023-12-26 09:35:23","18","75","657"
"2023-12-26 09:35:23","18","75","658"
"2023-12-26 09:35:23","18","75","659"
"2023-12-26 09:35:23","18","75","660"
"2023-12-26 09:35:23","18","75","661"
"2023-12-26 09:35:23","18","75","662"
"2023-12-26 09:35:23","18","75","663"
"2023-12-26 09:35:23","18","75","664"
"2023-12-26 09:35:23","18","75","665"
"2023-12-26 09:35:23","18","75","666"
"2023-12-26 09:35:23","18","75","667"
"2023-12-26 09:35:23","18","75","668"
"2023-12-26 09:35:23","18","75","669"
"2023-12-26 09:35:23","18","75","670"
"2023-12-26 09:35:23","18","75","671"
"2023-12-26 09:35:23","18","75","672"
"2023-12-26 09:35:23","18","75","673"
"2023-12-26 09:35:23","18","75","674"
"2023-12-26 09:35:23","18","75","675"
"2023-12-26 09:35:23","18","75","676"
"2023-12-26 09:35:23","18","75","677"
"2023-12-26 09:35:23","18","75","678"
"2023-12-26 09:35:23","18","75","679"
"2023-12-26 09:35:23","18","75","680"
"2023-12-26 09:35:23","18","75","681"
"2023-12-26 09:35:23","18","75","682"
"2023-12-26 09:35:23","18","75","683"
"2023-12-26 09:35:23","18","75","684"
"2023-12-26 09:35:23","18","75","685"
"2023-12-26 09:35:23","18","75","686"
"2023-12-26 09:35:23","18","75","687"
"2023-12-26 09:35:23","18","75","688"
"2023-12-26 09:35:23","18","75","689"
"2023-12-26 09:35:23","18","75","690"
"2023-12-26 09:35:23","18","75","691"
"2023-12-26 09:35:23","18","75","692"
"2023-12-26 09:35:23","18","75","693"
"2023-12-26 09:35:23","18","75","694"
"2023-12-26 09:35:23","18","75","695"
"2023-12-26 09:35:23","18","75","696"
"2023-12-26 09:35:23","18","75","697"
"2023-12-26 09:35:23","18","75","698"
"2023-12-26 09:35:23","18","75","699"
"2023-12-26 09:35:23","18","75","700"
"2023-12-26 09:35:23","18","75","701"
"2023-12-26 09:35:23","18","75","702"
"2023-12-26 09:35:23","18","75","703"
"2023-12-26 09:35:23","18","75","704"
"2023-12-26 09:35:23","18","75","705"
"2023-12-26 09:35:23","18","75","706"
"2023-12-26 09:35:23","18","75","707"
"2023-12-26 09:35:23","18","75","708"
"2023-12-26 09:35:23","18","75","709"
"2023-12-26 09:35:23","18","75","710"
"2023-12-26 09:35:23","18","75","711"
"2023-12-26 09:35:23","18","75","712"
"2023-12-26 09:35:23","18","75","713"
"2023-12-26 09:35:23","18","75","714"
"2023-12-26 09:35:23","18","75","715"
"2023-12-26 09:35:23","18","75","716"
"2023-12-26 09:35:23","18","75","717"
"2023-12-26 09:35:23","18","75","718"
"2023-12-26 09:35:23","18","75","719"
"2023-12-26 09:35:23","18","75","720"
"2023-12-26 09:35:23","18","75","721"
"2023-12-26 09:35:23","18","75","722"
"2023-12-26 09:35:23","18","75","723"
"2023-12-26 09:35:23","18","75","724"
"2023-12-26 09:35:23","18","75","725"
"2023-12-26 09:35:23","18","75","726"
"2023-12-26 09:35:23","18","75","727"
"2023-12-26 09:35:23","18","75","728"
"2023-12-26 09:35:23","18","75","729"
"2023-12-26 09:35:23","18","75","730"
"2023-12-26 09:35:23","18","75","731"
"2023-12-26 09:35:23","18","75","732"
"2023-12-26 09:35:23","18","75","733"
"2023-12-26 09:35:23","18","75","734"
"2023-12-26 09:35:23","18","75","735"
"2023-12-26 09:35:23","18","75","736"
"2023-12-26 09:35:23","18","75","737"
"2023-12-26 09:35:23","18","75","738"
"2023-12-26 09:35:23","18","75","739"
"2023-12-26 09:35:23","18","75","740"
"2023-12-26 09:35:23","18","75","741"
"2023-12-26 09:35:23","18","75","742"
"2023-12-26 09:35:23","18","75","743"
"2023-12-26 09:35:23","18","75","744"
"2023-12-26 09:35:23","18","75","745"
"2023-12-26 09:35:23","18","75","746"
"2023-12-26 09:35:23","18","75","747"
"2023-12-26 09:35:23","18","75","748"
"2023-12-26 09:35:23","18","75","749"
"2023-12-26 09:35:23","18","75","750"
"2023-12-26 09:35:23","18","75","751"
"2023-12-26 09:35:23","18","75","752"
"2023-12-26 09:35:23","18","75","753"
"2023-12-26 09:35:23","18","75","754"
"2023-12-26 09:35:23","18","75","755"
"2023-12-26 09:35:23","18","75","756"
"2023-12-26 09:35:23","18","75","757"
"2023-12-26 09:35:23","18","75","758"
"2023-12-26 09:35:23","18","76","759"
"2023-12-26 09:35:23","18","76","760"
"2023-12-26 09:35:23","18","76","761"
"2023-12-26 09:35:23","18","76","762"
"2023-12-26 09:35:23","18","76","763"
"2023-12-26 09:35:23","18","76","764"
"2023-12-26 09:35:23","18","76","765"
"2023-12-26 09:35:23","18","76","766"
"2023-12-26 09:35:23","18","76","767"
"2023-12-26 09:35:23","18","76","768"
"2023-12-26 09:35:23","18","76","769"
"2023-12-26 09:35:23","18","76","770"
"2023-12-26 09:35:23","18","76","771"
"2023-12-26 09:35:23","18","76","772"
"2023-12-26 09:35:23","18","76","773"
"2023-12-26 09:35:23","18","76","774"
"2023-12-26 09:35:23","18","76","775"
"2023-12-26 09:35:23","18","76","776"
"2023-12-26 09:35:23","18","76","777"
"2023-12-26 09:35:23","18","76","778"
"2023-12-26 09:35:23","18","76","779"
"2023-12-26 09:35:23","18","76","780"
"2023-12-26 09:35:23","18","76","781"
"2023-12-26 09:35:23","18","76","782"
"2023-12-26 09:35:23","18","76","783"
"2023-12-26 09:35:23","18","76","784"
"2023-12-26 09:35:23","18","76","785"
"2023-12-26 09:35:23","18","76","786"
"2023-12-26 09:35:23","18","76","787"
"2023-12-26 09:35:23","18","76","788"
"2023-12-26 09:35:23","18","76","789"
"2023-12-26 09:35:23","18","76","790"
"2023-12-26 09:35:23","18","76","791"
"2023-12-26 09:35:23","18","76","792"
"2023-12-26 09:35:23","18","76","793"
"2023-12-26 09:35:23","18","76","794"
"2023-12-26 09:35:23","18","76","795"
"2023-12-26 09:35:23","18","76","796"
"2023-12-26 09:35:23","18","76","797"
"2023-12-26 09:35:23","18","76","798"
"2023-12-26 09:35:23","18","76","799"
"2023-12-26 09:35:23","18","76","800"
"2023-12-26 09:35:23","18","76","801"
"2023-12-26 09:35:23","18","76","802"
"2023-12-26 09:35:23","18","76","803"
"2023-12-26 09:35:23","18","76","804"
"2023-12-26 09:35:23","18","76","805"
"2023-12-26 09:35:23","18","76","806"
"2023-12-26 09:35:23","18","76","807"
"2023-12-26 09:35:23","18","76","808"
"2023-12-26 09:35:23","18","76","809"
"2023-12-26 09:35:23","18","76","810"
"2023-12-26 09:35:23","18","76","811"
"2023-12-26 09:35:23","18","76","812"
"2023-12-26 09:35:23","18","76","813"
"2023-12-26 09:35:23","18","76","814"
"2023-12-26 09:35:23","18","76","815"
"2023-12-26 09:35:23","18","76","816"
"2023-12-26 09:35:23","18","76","817"
"2023-12-26 09:35:23","18","76","818"
"2023-12-26 09:35:23","18","76","819"
"2023-12-26 09:35:23","18","76","820"
"2023-12-26 09:35:23","18","76","821"
"2023-12-26 09:35:23","18","76","822"
"2023-12-26 09:35:23","18","76","823"
"2023-12-26 09:35:23","18","76","824"
"2023-12-26 09:35:23","18","76","825"
"2023-12-26 09:35:23","18","76","826"
"2023-12-26 09:35:23","18","76","827"
"2023-12-26 09:35:23","18","76","828"
"2023-12-26 09:35:23","18","76","829"
"2023-12-26 09:35:23","18","76","830"
"2023-12-26 09:35:23","18","76","831"
"2023-12-26 09:35:23","18","76","832"
"2023-12-26 09:35:23","18","76","833"
"2023-12-26 09:35:23","18","76","834"
"2023-12-26 09:35:23","18","76","835"
"2023-12-26 09:35:23","18","76","836"
"2023-12-26 09:35:23","18","76","837"
"2023-12-26 09:35:23","18","76","838"
"2023-12-26 09:35:23","18","76","839"
"2023-12-26 09:35:23","18","76","840"
"2023-12-26 09:35:23","18","76","841"
"2023-12-26 09:35:23","18","76","842"
"2023-12-26 09:35:23","18","76","843"
"2023-12-26 09:35:23","18","76","844"
"2023-12-26 09:35:23","18","76","845"
"2023-12-26 09:35:23","18","76","846"
"2023-12-26 09:35:23","18","76","847"
"2023-12-26 09:35:23","18","76","848"
"2023-12-26 09:35:23","18","76","849"
"2023-12-26 09:35:23","18","76","850"
"2023-12-26 09:35:23","18","76","851"
"2023-12-26 09:35:23","18","76","852"
"2023-12-26 09:35:23","18","76","853"
"2023-12-26 09:35:23","18","76","854"
"2023-12-26 09:35:23","18","76","855"
"2023-12-26 09:35:23","18","76","856"
"2023-12-26 09:35:23","18","76","857"
"2023-12-26 09:35:23","18","76","858"
"2023-12-26 09:35:23","18","76","859"
"2023-12-26 09:35:23","18","76","860"
"2023-12-26 09:35:23","18","76","861"
"2023-12-26 09:35:23","18","76","862"
"2023-12-26 09:35:23","18","76","863"
"2023-12-26 09:35:23","18","76","864"
"2023-12-26 09:35:23","18","76","865"
"2023-12-26 09:35:23","18","76","866"
"2023-12-26 09:35:23","18","76","867"
"2023-12-26 09:35:23","18","76","868"
"2023-12-26 09:35:23","18","76","869"
"2023-12-26 09:35:23","18","76","870"
"2023-12-26 09:35:23","18","76","871"
"2023-12-26 09:35:23","18","76","872"
"2023-12-26 09:35:23","18","76","873"
"2023-12-26 09:35:23","18","76","874"
"2023-12-26 09:35:23","18","76","875"
"2023-12-26 09:35:23","18","76","876"
"2023-12-26 09:35:23","18","76","877"
"2023-12-26 09:35:23","18","76","878"
"2023-12-26 09:35:23","18","76","879"
"2023-12-26 09:35:23","18","76","880"
"2023-12-26 09:35:23","18","76","881"
"2023-12-26 09:35:23","18","76","882"
"2023-12-26 09:35:23","18","76","883"
"2023-12-26 09:35:23","18","76","884"
"2023-12-26 09:35:23","18","76","885"
"2023-12-26 09:35:23","18","76","886"
"2023-12-26 09:35:23","18","76","887"
"2023-12-26 09:35:23","18","76","888"
"2023-12-26 09:35:23","18","76","889"
"2023-12-26 09:35:23","18","76","890"
"2023-12-26 09:35:23","18","76","891"
"2023-12-26 09:35:23","18","76","892"
"2023-12-26 09:35:23","18","76","893"
"2023-12-26 09:35:23","18","76","894"
"2023-12-26 09:35:23","18","76","895"
"2023-12-26 09:35:23","18","76","896"
"2023-12-26 09:35:23","18","76","897"
"2023-12-26 09:35:23","18","76","898"
"2023-12-26 09:35:23","18","76","899"
"2023-12-26 09:35:23","18","76","900"
"2023-12-26 09:35:23","18","76","901"
"2023-12-26 09:35:23","18","76","902"
"2023-12-26 09:35:23","18","76","903"
"2023-12-26 09:35:23","18","76","904"
"2023-12-26 09:35:23","18","76","905"
"2023-12-26 09:35:23","18","76","906"
"2023-12-26 09:35:23","18","76","907"
"2023-12-26 09:35:23","18","76","908"
"2023-12-26 09:35:23","18","76","909"
"2023-12-26 09:35:23","18","76","910"
"2023-12-26 09:35:23","18","76","911"
"2023-12-26 09:35:23","18","76","912"
"2023-12-26 09:35:23","18","76","913"
"2023-12-26 09:35:23","18","76","914"
"2023-12-26 09:35:23","18","76","915"
"2023-12-26 09:35:23","18","76","916"
"2023-12-26 09:35:23","18","76","917"
"2023-12-26 09:35:23","18","76","918"
"2023-12-26 09:35:23","18","76","919"
"2023-12-26 09:35:23","18","76","920"
"2023-12-26 09:35:23","18","76","921"
"2023-12-26 09:35:23","18","76","922"
"2023-12-26 09:35:23","18","76","923"
"2023-12-26 09:35:23","18","76","924"
"2023-12-26 09:35:23","18","76","925"
"2023-12-26 09:35:23","18","76","926"
"2023-12-26 09:35:23","18","76","927"
"2023-12-26 09:35:23","18","76","928"
"2023-12-26 09:35:23","18","75","929"
"2023-12-26 09:35:23","18","76","930"
"2023-12-26 09:35:23","18","76","931"
"2023-12-26 09:35:23","18","76","932"
"2023-12-26 09:35:23","18","76","933"
"2023-12-26 09:35:23","18","76","934"
"2023-12-26 09:35:23","18","76","935"
"2023-12-26 09:35:23","18","76","936"
"2023-12-26 09:35:23","18","76","937"
"2023-12-26 09:35:23","18","76","938"
"2023-12-26 09:35:23","18","75","939"
"2023-12-26 09:35:23","18","76","940"
"2023-12-26 09:35:23","18","75","941"
"2023-12-26 09:35:23","18","75","942"
"2023-12-26 09:35:23","18","75","943"
"2023-12-26 09:35:23","18","75","944"
"2023-12-26 09:35:23","18","75","945"
"2023-12-26 09:35:23","18","76","946"
"2023-12-26 09:35:23","18","75","947"
"2023-12-26 09:35:23","18","76","948"
"2023-12-26 09:35:23","18","76","949"
"2023-12-26 09:35:23","18","76","950"
"2023-12-26 09:35:23","18","76","951"
"2023-12-26 09:35:23","18","76","952"
"2023-12-26 09:35:23","18","76","953"
"2023-12-26 09:35:23","18","76","954"
"2023-12-26 09:35:23","18","76","955"
"2023-12-26 09:35:23","18","76","956"
"2023-12-26 09:35:23","18","76","957"
"2023-12-26 09:35:23","18","76","958"
"2023-12-26 09:35:23","18","76","959"
"2023-12-26 09:35:23","18","76","960"
"2023-12-26 09:35:23","18","76","961"
"2023-12-26 09:35:23","18","76","962"
"2023-12-26 09:35:23","18","76","963"
"2023-12-26 09:35:23","18","76","964"
"2023-12-26 09:35:23","18","76","965"
"2023-12-26 09:35:23","18","76","966"
"2023-12-26 09:35:23","18","76","967"
"2023-12-26 09:35:23","18","76","968"
"2023-12-26 09:35:23","18","76","969"
"2023-12-26 09:35:23","18","76","970"
"2023-12-26 09:35:23","18","76","971"
"2023-12-26 09:35:23","18","76","972"
"2023-12-26 09:35:23","18","76","973"
"2023-12-26 09:35:23","18","76","974"
"2023-12-26 09:35:23","18","76","975"
"2023-12-26 09:35:23","18","76","976"
"2023-12-26 09:35:23","18","76","977"
"2023-12-26 09:35:23","18","76","978"
"2023-12-26 09:35:23","18","76","979"
"2023-12-26 09:35:23","18","76","980"
"2023-12-26 09:35:23","18","76","981"
"2023-12-26 09:35:23","18","76","982"
"2023-12-26 09:35:23","18","76","983"
"2023-12-26 09:35:23","18","76","984"
"2023-12-26 09:35:23","18","76","985"
"2023-12-26 09:35:23","18","76","986"
"2023-12-26 09:35:23","18","76","987"
"2023-12-26 09:35:23","18","76","988"
"2023-12-26 09:35:23","18","76","989"
"2023-12-26 09:35:23","18","76","990"
"2023-12-26 09:35:23","18","76","991"
"2023-12-26 09:35:23","18","76","992"
"2023-12-26 09:35:23","18","76","993"
"2023-12-26 09:35:23","18","76","994"
"2023-12-26 09:35:23","18","76","995"
"2023-12-26 09:35:23","18","76","996"
"2023-12-26 09:35:23","18","76","997"
"2023-12-26 09:35:23","18","76","998"
"2023-12-26 09:35:23","18","76","999"
"2023-12-26 09:35:23","18","76","1000"
"2023-12-26 09:35:23","18","76","1001"
"2023-12-26 09:35:23","18","76","1002"
"2023-12-26 09:35:23","18","76","1003"
"2023-12-26 09:35:23","18","76","1004"
"2023-12-26 09:35:23","18","76","1005"
"2023-12-26 09:35:23","18","76","1006"
"2023-12-26 09:35:23","18","76","1007"
"2023-12-26 09:35:23","18","76","1008"
"2023-12-26 09:35:23","18","76","1009"
"2023-12-26 09:35:23","18","76","1010"
"2023-12-26 09:35:23","18","76","1011"
"2023-12-26 09:35:23","18","76","1012"
"2023-12-26 09:35:23","18","76","1013"
"2023-12-26 09:35:23","18","76","1014"
"2023-12-26 09:35:23","18","76","1015"
"2023-12-26 09:35:23","18","76","1016"
"2023-12-26 09:35:23","18","76","1017"
"2023-12-26 09:35:23","18","76","1018"
"2023-12-26 09:35:23","18","76","1019"
"2023-12-26 09:35:23","18","76","1020"
"2023-12-26 09:35:23","18","76","1021"
"2023-12-26 09:35:23","18","76","1022"
"2023-12-26 09:35:23","18","76","1023"
"2023-12-26 09:35:23","18","76","1024"
"2023-12-26 09:35:23","18","76","1025"
"2023-12-26 09:35:23","18","76","1026"
"2023-12-26 09:35:23","18","76","1027"
"2023-12-26 09:35:23","18","76","1028"
"2023-12-26 09:35:23","18","76","1029"
"2023-12-26 09:35:23","18","76","1030"
"2023-12-26 09:35:23","18","76","1031"
"2023-12-26 09:35:23","18","76","1032"
"2023-12-26 09:35:23","18","76","1033"
"2023-12-26 09:35:23","18","76","1034"
"2023-12-26 09:35:23","18","76","1035"
"2023-12-26 09:35:23","18","76","1036"
"2023-12-26 09:35:23","18","76","1037"
"2023-12-26 09:35:23","18","76","1038"
"2023-12-26 09:35:23","18","76","1039"
"2023-12-26 09:35:23","18","76","1040"
"2023-12-26 09:35:23","18","76","1041"
"2023-12-26 09:35:23","18","76","1042"
"2023-12-26 09:35:23","18","76","1043"
"2023-12-26 09:35:23","18","76","1044"
"2023-12-26 09:35:23","18","76","1045"
"2023-12-26 09:35:23","18","76","1046"
"2023-12-26 09:35:23","18","76","1047"
"2023-12-26 09:35:23","18","76","1048"
"2023-12-26 09:35:23","18","76","1049"
"2023-12-26 09:35:23","18","76","1050"
"2023-12-26 09:35:23","18","76","1051"
"2023-12-26 09:35:23","18","76","1052"
"2023-12-26 09:35:23","18","76","1053"
"2023-12-26 09:35:23","18","76","1054"
"2023-12-26 09:35:23","18","76","1055"
"2023-12-26 09:35:23","18","76","1056"
"2023-12-26 09:35:23","18","76","1057"
"2023-12-26 09:35:23","18","76","1058"
"2023-12-26 09:35:23","18","76","1059"
"2023-12-26 09:35:23","18","76","1060"
"2023-12-26 09:35:23","18","76","1061"
"2023-12-26 09:35:23","18","76","1062"
"2023-12-26 09:35:23","18","76","1063"
"2023-12-26 09:35:23","18","76","1064"
"2023-12-26 09:35:23","18","76","1065"
"2023-12-26 09:35:23","18","76","1066"
"2023-12-26 09:35:23","18","76","1067"
"2023-12-26 09:35:23","18","76","1068"
"2023-12-26 09:35:23","18","76","1069"
"2023-12-26 09:35:23","18","76","1070"
"2023-12-26 09:35:23","18","76","1071"
"2023-12-26 09:35:23","18","76","1072"
"2023-12-26 09:35:23","18","76","1073"
"2023-12-26 09:35:23","18","76","1074"
"2023-12-26 09:35:23","18","76","1075"
"2023-12-26 09:35:23","18","76","1076"
"2023-12-26 09:35:23","18","76","1077"
"2023-12-26 09:35:23","18","76","1078"
"2023-12-26 09:35:23","18","76","1079"
"2023-12-26 09:35:23","18","76","1080"
"2023-12-26 09:35:23","18","76","1081"
"2023-12-26 09:35:23","18","76","1082"
"2023-12-26 09:35:23","18","76","1083"
"2023-12-26 09:35:23","18","76","1084"
"2023-12-26 09:35:23","18","76","1085"
"2023-12-26 09:38:35","18","58","1086"
"2023-12-26 09:38:37","18","58","1087"
"2023-12-26 09:38:40","18","58","1088"
"2023-12-26 09:38:42","18","58","1089"
"2023-12-26 09:38:45","18","58","1090"
"2023-12-26 09:38:48","18","58","1091"
"2023-12-26 09:38:50","18","58","1092"
"2023-12-26 09:38:53","18","58","1093"
"2023-12-26 09:38:55","18","58","1094"
"2023-12-26 09:38:58","18","58","1095"
"2023-12-26 09:39:00","18","58","1096"
"2023-12-26 09:39:03","18","58","1097"
"2023-12-26 09:39:05","18","58","1098"
"2023-12-26 09:39:08","18","58","1099"
"2023-12-26 09:39:11","18","58","1100"
"2023-12-26 09:39:13","18","58","1101"
"2023-12-26 09:39:16","18","58","1102"
"2023-12-26 09:39:18","18","58","1103"
"2023-12-26 09:39:21","18","58","1104"
"2023-12-26 09:39:23","18","58","1105"
"2023-12-26 09:39:26","18","58","1106"
"2023-12-26 09:39:29","18","58","1107"
"2023-12-26 09:39:31","18","58","1108"
"2023-12-26 09:39:34","18","58","1109"
"2023-12-26 09:39:36","18","58","1110"
"2023-12-26 09:39:39","18","58","1111"
"2023-12-26 09:39:41","18","58","1112"
"2023-12-26 09:39:44","18","58","1113"
"2023-12-26 09:39:46","18","58","1114"
"2023-12-26 09:39:49","18","58","1115"
"2023-12-26 09:39:52","18","58","1116"
"2023-12-26 09:39:54","18","58","1117"
"2023-12-26 09:39:57","18","58","1118"
"2023-12-26 09:39:59","18","58","1119"
"2023-12-26 09:40:02","18","58","1120"
"2023-12-26 09:40:04","18","58","1121"
"2023-12-26 09:40:07","18","58","1122"
"2023-12-26 09:40:09","18","58","1123"
"2023-12-26 09:40:12","18","58","1124"
"2023-12-26 09:40:15","18","58","1125"
"2023-12-26 09:40:17","18","58","1126"
"2023-12-26 09:40:20","18","58","1127"
"2023-12-26 09:40:22","18","58","1128"
"2023-12-26 09:40:25","18","58","1129"
"2023-12-26 09:40:27","18","58","1130"
"2023-12-26 09:40:30","18","58","1131"
"2023-12-26 09:40:32","18","58","1132"
"2023-12-26 09:40:35","18","58","1133"
"2023-12-26 09:40:37","18","58","1134"
"2023-12-26 09:40:40","18","58","1135"
"2023-12-26 09:40:43","18","58","1136"
"2023-12-26 09:40:48","18","58","1137"
"2023-12-26 09:40:50","18","58","1138"
"2023-12-26 09:40:53","18","58","1139"
"2023-12-26 09:40:55","18","58","1140"
"2023-12-26 09:40:58","18","58","1141"
"2023-12-26 09:41:00","18","58","1142"
"2023-12-26 09:41:03","18","58","1143"
"2023-12-26 09:41:06","18","58","1144"
"2023-12-26 09:41:08","18","58","1145"
"2023-12-26 09:41:11","18","58","1146"
"2023-12-26 09:41:13","18","58","1147"
"2023-12-26 09:41:16","18","58","1148"
"2023-12-26 09:41:19","18","58","1149"
"2023-12-26 09:41:21","18","58","1150"
"2023-12-26 09:41:24","18","58","1151"
"2023-12-26 09:41:26","18","58","1152"
"2023-12-26 09:41:29","18","58","1153"
"2023-12-26 09:41:31","18","58","1154"
"2023-12-26 09:41:34","18","58","1155"
"2023-12-26 09:41:36","18","58","1156"
"2023-12-26 09:41:39","18","58","1157"
"2023-12-26 09:41:42","18","58","1158"
"2023-12-26 09:41:44","18","58","1159"
"2023-12-26 09:41:47","18","58","1160"
"2023-12-26 09:41:50","18","58","1161"
"2023-12-26 09:41:52","18","58","1162"
"2023-12-26 09:41:55","18","58","1163"
"2023-12-26 09:41:58","18","58","1164"
"2023-12-26 09:42:00","18","58","1165"
"2023-12-26 09:42:03","18","58","1166"
"2023-12-26 09:42:05","18","58","1167"
"2023-12-26 09:42:08","18","58","1168"
"2023-12-26 09:42:10","18","58","1169"
"2023-12-26 09:42:13","18","58","1170"
"2023-12-26 09:42:16","18","58","1171"
"2023-12-26 09:42:18","18","58","1172"
"2023-12-26 09:42:21","18","58","1173"
"2023-12-26 09:42:23","18","58","1174"
"2023-12-26 09:42:26","18","58","1175"
"2023-12-26 09:42:28","18","58","1176"
"2023-12-26 09:42:31","18","58","1177"
"2023-12-26 09:42:34","18","58","1178"
"2023-12-26 09:42:36","18","58","1179"
"2023-12-26 09:42:39","18","58","1180"
"2023-12-26 09:42:41","18","58","1181"
"2023-12-26 09:42:44","18","58","1182"
"2023-12-26 09:42:46","18","58","1183"
"2023-12-26 09:42:49","18","57","1184"
"2023-12-26 09:42:52","18","58","1185"
"2023-12-26 09:42:57","18","58","1186"
"2023-12-26 09:42:59","18","58","1187"
"2023-12-26 09:43:04","18","57","1188"
"2023-12-26 09:43:07","18","57","1189"
"2023-12-26 09:43:10","18","58","1190"
"2023-12-26 09:43:15","18","57","1191"
"2023-12-26 09:43:17","18","57","1192"
"2023-12-26 09:43:39","18","57","1193"
"2023-12-26 09:43:52","18","57","1194"
"2023-12-26 09:43:54","18","58","1195"
"2023-12-26 09:43:57","18","58","1196"
"2023-12-26 09:44:00","18","58","1197"
"2023-12-26 09:44:02","18","58","1198"
"2023-12-26 09:44:05","18","58","1199"
"2023-12-26 09:44:07","18","58","1200"
"2023-12-26 09:44:12","18","58","1201"
"2023-12-26 09:44:15","18","58","1202"
"2023-12-26 09:44:17","18","58","1203"
"2023-12-26 09:44:20","18","58","1204"
"2023-12-26 09:44:22","18","58","1205"
"2023-12-26 09:44:25","18","58","1206"
"2023-12-26 09:44:28","18","58","1207"
"2023-12-26 09:44:30","18","58","1208"
"2023-12-26 09:44:33","18","58","1209"
"2023-12-26 09:44:35","18","58","1210"
"2023-12-26 09:44:38","18","58","1211"
"2023-12-26 09:44:40","18","58","1212"
"2023-12-26 09:44:43","18","58","1213"
"2023-12-26 09:44:46","18","58","1214"
"2023-12-26 09:44:48","18","58","1215"
"2023-12-26 09:44:51","18","59","1216"
"2023-12-26 09:44:53","18","59","1217"
"2023-12-26 09:44:56","18","59","1218"
